http://vechufa.ru/news/7359-trebuyutsya-akushery-i-ne-tolko.html	__vechufa.ru_news_7359-trebuyutsya-akushery-i-ne-tolko.html
http://vechufa.ru/news/print:page,1,7359-trebuyutsya-akushery-i-ne-tolko.html	__vechufa.ru_news_print-page,1,7359-trebuyutsya-akushery-i-ne-tolko.html
http://vechufa.ru/news/4861-vnimaniyu-grazhdan-i-rabotodateley.html	__vechufa.ru_news_4861-vnimaniyu-grazhdan-i-rabotodateley.html
http://vechufa.ru/news/4810-yarmarka-vakansiy-zhdet-zhelayuschih.html	__vechufa.ru_news_4810-yarmarka-vakansiy-zhdet-zhelayuschih.html
http://vechufa.ru/news/4554-yarmarka-vakansiy-zhdet-zhelayuschih.html	__vechufa.ru_news_4554-yarmarka-vakansiy-zhdet-zhelayuschih.html
http://vechufa.ru/news/4494-priglashaet-yarmarka-vakansiy.html	__vechufa.ru_news_4494-priglashaet-yarmarka-vakansiy.html
http://vechufa.ru/news/4424-yarmarka-vakansiy-zhdet-zhelayuschih.html	__vechufa.ru_news_4424-yarmarka-vakansiy-zhdet-zhelayuschih.html
http://vechufa.ru/news/4191-trebuyutsya-pensionery.html	__vechufa.ru_news_4191-trebuyutsya-pensionery.html
http://vechufa.ru/public/2090-sidya-na-divane-uspeshnym-ne-budesh.html	__vechufa.ru_public_2090-sidya-na-divane-uspeshnym-ne-budesh.html
http://vechufa.ru/news/print:page,1,4861-vnimaniyu-grazhdan-i-rabotodateley.html	__vechufa.ru_news_print-page,1,4861-vnimaniyu-grazhdan-i-rabotodateley.html
http://vechufa.ru/news/2717-starsheklassnikam-rasskazhut-o-rynke-truda.html	__vechufa.ru_news_2717-starsheklassnikam-rasskazhut-o-rynke-truda.html
http://vechufa.ru/news/print:page,1,4810-yarmarka-vakansiy-zhdet-zhelayuschih.html	__vechufa.ru_news_print-page,1,4810-yarmarka-vakansiy-zhdet-zhelayuschih.html
http://vechufa.ru/public/3806-kak-ya-provel-eto-leto-na-rabote.html	__vechufa.ru_public_3806-kak-ya-provel-eto-leto-na-rabote.html
http://vechufa.ru/news/print:page,1,4554-yarmarka-vakansiy-zhdet-zhelayuschih.html	__vechufa.ru_news_print-page,1,4554-yarmarka-vakansiy-zhdet-zhelayuschih.html
http://vechufa.ru/public/541-nelegkaya-eto-zabota-poiski-raboty.html	__vechufa.ru_public_541-nelegkaya-eto-zabota-poiski-raboty.html
http://vechufa.ru/news/print:page,1,4494-priglashaet-yarmarka-vakansiy.html	__vechufa.ru_news_print-page,1,4494-priglashaet-yarmarka-vakansiy.html
http://vechufa.ru/news/4122-s-kupecheskim-razmahom.html	__vechufa.ru_news_4122-s-kupecheskim-razmahom.html
http://vechufa.ru/news/print:page,1,4424-yarmarka-vakansiy-zhdet-zhelayuschih.html	__vechufa.ru_news_print-page,1,4424-yarmarka-vakansiy-zhdet-zhelayuschih.html
http://vechufa.ru/news/4376-trud-dolzhen-byt-dostoynym.html	__vechufa.ru_news_4376-trud-dolzhen-byt-dostoynym.html
http://vechufa.ru/news/3455-kuda-poyti-rabotat.html	__vechufa.ru_news_3455-kuda-poyti-rabotat.html
http://vechufa.ru/news/print:page,1,4191-trebuyutsya-pensionery.html	__vechufa.ru_news_print-page,1,4191-trebuyutsya-pensionery.html
http://vechufa.ru/news/4143-pensioner-no-ne-chaynik.html	__vechufa.ru_news_4143-pensioner-no-ne-chaynik.html
http://vechufa.ru/news/2706-po-morozcu-da-na-yarmarku.html	__vechufa.ru_news_2706-po-morozcu-da-na-yarmarku.html
http://vechufa.ru/news/2537-v-ufe-otkryt-biznes-inkubator.html	__vechufa.ru_news_2537-v-ufe-otkryt-biznes-inkubator.html
http://vechufa.ru/news/2213-naletay-med-kartoshku-pokupay.html	__vechufa.ru_news_2213-naletay-med-kartoshku-pokupay.html
http://vechufa.ru/public/print:page,1,2090-sidya-na-divane-uspeshnym-ne-budesh.html	__vechufa.ru_public_print-page,1,2090-sidya-na-divane-uspeshnym-ne-budesh.html
http://vechufa.ru/science/1936-yarmarka-idey-dlya-sereznyh-lyudey.html	__vechufa.ru_science_1936-yarmarka-idey-dlya-sereznyh-lyudey.html
http://vechufa.ru/education/1750-vy-vybrali-pravilnyy-vuz.html	__vechufa.ru_education_1750-vy-vybrali-pravilnyy-vuz.html
http://vechufa.ru/news/1664-videoroliki-pomogut-spasti-prirodu.html	__vechufa.ru_news_1664-videoroliki-pomogut-spasti-prirodu.html
http://vechufa.ru/education/853-i-eto-ne-povod-sbavlyat-oboroty.html	__vechufa.ru_education_853-i-eto-ne-povod-sbavlyat-oboroty.html
http://vechufa.ru/policy/753-prezident-predstavil-novyh-ministrov.html	__vechufa.ru_policy_753-prezident-predstavil-novyh-ministrov.html
http://vechufa.ru/its-tusovka/191-odnogo-zhelaniya-malo.html	__vechufa.ru_its-tusovka_191-odnogo-zhelaniya-malo.html
http://vechufa.ru/news/print:page,1,2717-starsheklassnikam-rasskazhut-o-rynke-truda.html	__vechufa.ru_news_print-page,1,2717-starsheklassnikam-rasskazhut-o-rynke-truda.html
http://vechufa.ru/news/2655-problemy-rabochey-molodezhi-obsudyat-na-forume.html	__vechufa.ru_news_2655-problemy-rabochey-molodezhi-obsudyat-na-forume.html
http://vechufa.ru/public/2299-pomogut-shkolnye-centry-karery.html	__vechufa.ru_public_2299-pomogut-shkolnye-centry-karery.html
http://vechufa.ru/news/1914-vse-vmeste.html	__vechufa.ru_news_1914-vse-vmeste.html
http://vechufa.ru/news/1698-chya-detal-luchshe.html	__vechufa.ru_news_1698-chya-detal-luchshe.html
http://vechufa.ru/public/1055-yunye-hotyat-uchitsya.html	__vechufa.ru_public_1055-yunye-hotyat-uchitsya.html
http://vechufa.ru/public/print:page,1,3806-kak-ya-provel-eto-leto-na-rabote.html	__vechufa.ru_public_print-page,1,3806-kak-ya-provel-eto-leto-na-rabote.html
http://vechufa.ru/public/3091-horoshiy-ukladchik-tovar-shtuchnyy.html	__vechufa.ru_public_3091-horoshiy-ukladchik-tovar-shtuchnyy.html
http://vechufa.ru/public/3055-zavtrak-s-direktorom-zakonchilsya-trudoustroystvom.html	__vechufa.ru_public_3055-zavtrak-s-direktorom-zakonchilsya-trudoustroystvom.html
http://vechufa.ru/public/print:page,1,541-nelegkaya-eto-zabota-poiski-raboty.html	__vechufa.ru_public_print-page,1,541-nelegkaya-eto-zabota-poiski-raboty.html
http://vechufa.ru/public/623-motora-rev-dlya-nih-kak-muzyka.html	__vechufa.ru_public_623-motora-rev-dlya-nih-kak-muzyka.html
http://vechufa.ru/city/563-forum-uralstroyindustriya-biznes-ploschadka-dlya-razvitiya-otrasli.html	__vechufa.ru_city_563-forum-uralstroyindustriya-biznes-ploschadka-dlya-razvitiya-otrasli.html
http://vechufa.ru/news/537-golosuem-za-aktivnoe-dolgoletie.html	__vechufa.ru_news_537-golosuem-za-aktivnoe-dolgoletie.html
http://vechufa.ru/city/516-pro-letnie-pohody-i-rashody.html	__vechufa.ru_city_516-pro-letnie-pohody-i-rashody.html
http://vechufa.ru/education/376-v-dobryy-put-ufimskie-moskovskie-studenty.html	__vechufa.ru_education_376-v-dobryy-put-ufimskie-moskovskie-studenty.html
http://vechufa.ru/its-tusovka/192-kupite-rozy.html	__vechufa.ru_its-tusovka_192-kupite-rozy.html
http://vechufa.ru/news/print:page,1,4122-s-kupecheskim-razmahom.html	__vechufa.ru_news_print-page,1,4122-s-kupecheskim-razmahom.html
http://vechufa.ru/4090-profsoyuzy-detyam.html	__vechufa.ru_4090-profsoyuzy-detyam.html
http://vechufa.ru/sport/4085-hotite-stat-futbolistom.html	__vechufa.ru_sport_4085-hotite-stat-futbolistom.html
http://vechufa.ru/news/4077-zaton-priglashaet-na-veloparad.html	__vechufa.ru_news_4077-zaton-priglashaet-na-veloparad.html
http://vechufa.ru/news/3411-ulybnis-aliya-my-s-toboy.html	__vechufa.ru_news_3411-ulybnis-aliya-my-s-toboy.html
http://vechufa.ru/city/2276-s-poley-na-stol-gorozhan.html	__vechufa.ru_city_2276-s-poley-na-stol-gorozhan.html
http://vechufa.ru/news/2223-mame-s-papoy-ot-damira.html	__vechufa.ru_news_2223-mame-s-papoy-ot-damira.html
http://vechufa.ru/news/2151-zaton-rulit-veloparadom.html	__vechufa.ru_news_2151-zaton-rulit-veloparadom.html
http://vechufa.ru/news/print:page,1,4376-trud-dolzhen-byt-dostoynym.html	__vechufa.ru_news_print-page,1,4376-trud-dolzhen-byt-dostoynym.html
http://vechufa.ru/news/3538-porabotayut-serezno-a-zatem-ih-zhdet-koncert.html	__vechufa.ru_news_3538-porabotayut-serezno-a-zatem-ih-zhdet-koncert.html
http://vechufa.ru/news/2985-uchimsya-zaschischat-prava-pacientov.html	__vechufa.ru_news_2985-uchimsya-zaschischat-prava-pacientov.html
http://vechufa.ru/news/2555-socialnoe-partnerstvo-ukreplyaetsya.html	__vechufa.ru_news_2555-socialnoe-partnerstvo-ukreplyaetsya.html
http://vechufa.ru/news/2517-profsoyuzy-na-zaschite-cheloveka-truda.html	__vechufa.ru_news_2517-profsoyuzy-na-zaschite-cheloveka-truda.html
http://vechufa.ru/public/1892-privedi-kollegu-v-profsoyuz-i-poluchi-bilet-v-kino.html	__vechufa.ru_public_1892-privedi-kollegu-v-profsoyuz-i-poluchi-bilet-v-kino.html
http://vechufa.ru/news/print:page,1,3455-kuda-poyti-rabotat.html	__vechufa.ru_news_print-page,1,3455-kuda-poyti-rabotat.html
http://vechufa.ru/news/3205-rasskazhi-o-buduschey-professii.html	__vechufa.ru_news_3205-rasskazhi-o-buduschey-professii.html
http://vechufa.ru/news/3066-porabotaem-na-perspektivu.html	__vechufa.ru_news_3066-porabotaem-na-perspektivu.html
http://vechufa.ru/policy/2755-volonterskoe-dvizhenie-nabiraet-oboroty.html	__vechufa.ru_policy_2755-volonterskoe-dvizhenie-nabiraet-oboroty.html
http://vechufa.ru/news/867-vo-dvore-nezakonnaya-avtoparkovka-zvonite.html	__vechufa.ru_news_867-vo-dvore-nezakonnaya-avtoparkovka-zvonite.html
http://vechufa.ru/news/print:page,1,4143-pensioner-no-ne-chaynik.html	__vechufa.ru_news_print-page,1,4143-pensioner-no-ne-chaynik.html
http://vechufa.ru/news/3682-autizm-vybor-marshruta.html	__vechufa.ru_news_3682-autizm-vybor-marshruta.html
http://vechufa.ru/public/2216-starshee-pokolenie-dast-foru-molodym.html	__vechufa.ru_public_2216-starshee-pokolenie-dast-foru-molodym.html
http://vechufa.ru/sport/2185-gandbolisty-startuyut-odnovremenno.html	__vechufa.ru_sport_2185-gandbolisty-startuyut-odnovremenno.html
http://vechufa.ru/public/2049-mal-noutbuk-da-dorog.html	__vechufa.ru_public_2049-mal-noutbuk-da-dorog.html
http://vechufa.ru/public/2030-so-skaypom-na-tyili-kak-ufimskie-pensionery-kompyuter-ukroschali.html	__vechufa.ru_public_2030-so-skaypom-na-tyili-kak-ufimskie-pensionery-kompyuter-ukroschali.html
http://vechufa.ru/news/2016-u-lyubiteley-gulyat-v-seti-net-vozrasta.html	__vechufa.ru_news_2016-u-lyubiteley-gulyat-v-seti-net-vozrasta.html
http://vechufa.ru/news/print:page,1,2706-po-morozcu-da-na-yarmarku.html	__vechufa.ru_news_print-page,1,2706-po-morozcu-da-na-yarmarku.html
http://vechufa.ru/news/2671-na-priem-k-deputatu.html	__vechufa.ru_news_2671-na-priem-k-deputatu.html
http://vechufa.ru/news/1006-yarmarki-sostoyatsya-no-ne-vezde.html	__vechufa.ru_news_1006-yarmarki-sostoyatsya-no-ne-vezde.html
http://vechufa.ru/city/996-s-morozca-k-prazdnichnomu-stolu.html	__vechufa.ru_city_996-s-morozca-k-prazdnichnomu-stolu.html
http://vechufa.ru/public/518-sezon-selhozyarmarok-startoval.html	__vechufa.ru_public_518-sezon-selhozyarmarok-startoval.html
http://vechufa.ru/news/323-arbat-utonet-v-cvetah.html	__vechufa.ru_news_323-arbat-utonet-v-cvetah.html
http://vechufa.ru/news/print:page,1,2537-v-ufe-otkryt-biznes-inkubator.html	__vechufa.ru_news_print-page,1,2537-v-ufe-otkryt-biznes-inkubator.html
http://vechufa.ru/policy/2425-gorodskimi-lesami-dolzhen-rasporyazhatsya-municipalitet.html	__vechufa.ru_policy_2425-gorodskimi-lesami-dolzhen-rasporyazhatsya-municipalitet.html
http://vechufa.ru/public/644-studiya-robototehniki-i-biznes-inkubatory-dlya-molodyh.html	__vechufa.ru_public_644-studiya-robototehniki-i-biznes-inkubatory-dlya-molodyh.html
http://vechufa.ru/news/493-est-ideya-otkroy-delo.html	__vechufa.ru_news_493-est-ideya-otkroy-delo.html
http://vechufa.ru/economy/284-biznes-dolzhen-stat-socialno-otvetstvennym.html	__vechufa.ru_economy_284-biznes-dolzhen-stat-socialno-otvetstvennym.html
http://vechufa.ru/officially/213-barery-otstupayut-esli-s-nimi-borotsya.html	__vechufa.ru_officially_213-barery-otstupayut-esli-s-nimi-borotsya.html
http://vechufa.ru/day/137-12-iyulya.html	__vechufa.ru_day_137-12-iyulya.html
http://vechufa.ru/news/print:page,1,2213-naletay-med-kartoshku-pokupay.html	__vechufa.ru_news_print-page,1,2213-naletay-med-kartoshku-pokupay.html
http://vechufa.ru/city/1074-do-shkoly-s-veterkom.html	__vechufa.ru_city_1074-do-shkoly-s-veterkom.html
http://vechufa.ru/city/985-belye-golubi-simvol-mira.html	__vechufa.ru_city_985-belye-golubi-simvol-mira.html
http://vechufa.ru/city/615-produkcii-bolshe-ceny-nizhe.html	__vechufa.ru_city_615-produkcii-bolshe-ceny-nizhe.html
http://vechufa.ru/city/540-vse-svezhee-i-ceny-ne-kusayutsya.html	__vechufa.ru_city_540-vse-svezhee-i-ceny-ne-kusayutsya.html
http://vechufa.ru/science/print:page,1,1936-yarmarka-idey-dlya-sereznyh-lyudey.html	__vechufa.ru_science_print-page,1,1936-yarmarka-idey-dlya-sereznyh-lyudey.html
http://vechufa.ru/economy/1731-sootvetstvovat-zaprosam-segodnyashnego-dnya.html	__vechufa.ru_economy_1731-sootvetstvovat-zaprosam-segodnyashnego-dnya.html
http://vechufa.ru/news/1718-ochutitsya-v-tretem-izmerenii-zamanchivo.html	__vechufa.ru_news_1718-ochutitsya-v-tretem-izmerenii-zamanchivo.html
http://vechufa.ru/policy/702-bolshaya-himiya-trebuet-bolshey-aktivnosti.html	__vechufa.ru_policy_702-bolshaya-himiya-trebuet-bolshey-aktivnosti.html
http://vechufa.ru/officially/29-plodotvornoe-sotrudnichestvo.html	__vechufa.ru_officially_29-plodotvornoe-sotrudnichestvo.html
http://vechufa.ru/education/print:page,1,1750-vy-vybrali-pravilnyy-vuz.html	__vechufa.ru_education_print-page,1,1750-vy-vybrali-pravilnyy-vuz.html
http://vechufa.ru/education/1720-bgpu-otkryvaet-dorogu-k-diplomu-mezhdunarodnogo-standarta.html	__vechufa.ru_education_1720-bgpu-otkryvaet-dorogu-k-diplomu-mezhdunarodnogo-standarta.html
http://vechufa.ru/policy/1597-rezultat-zavisit-ot-otdachi-kazhdogo-iz-nas.html	__vechufa.ru_policy_1597-rezultat-zavisit-ot-otdachi-kazhdogo-iz-nas.html
http://vechufa.ru/public/1036-doska-pocheta-vecherney-ufy.html	__vechufa.ru_public_1036-doska-pocheta-vecherney-ufy.html
http://vechufa.ru/public/608-prezident-poobeschal-rastormoshit-chinovniche-boloto.html	__vechufa.ru_public_608-prezident-poobeschal-rastormoshit-chinovniche-boloto.html
http://vechufa.ru/news/print:page,1,1664-videoroliki-pomogut-spasti-prirodu.html	__vechufa.ru_news_print-page,1,1664-videoroliki-pomogut-spasti-prirodu.html
http://vechufa.ru/city/1439-esli-pozvonivshiy-molchit-v-trubku.html	__vechufa.ru_city_1439-esli-pozvonivshiy-molchit-v-trubku.html
http://vechufa.ru/news/1257-takuyu-vstrechu-propustit-nelzya.html	__vechufa.ru_news_1257-takuyu-vstrechu-propustit-nelzya.html
http://vechufa.ru/news/967-narisuy-emblemu-i-pridumay-slogan.html	__vechufa.ru_news_967-narisuy-emblemu-i-pridumay-slogan.html
http://vechufa.ru/news/571-molodomu-predprinimatelyu-gramotnyy-start.html	__vechufa.ru_news_571-molodomu-predprinimatelyu-gramotnyy-start.html
http://vechufa.ru/education/print:page,1,853-i-eto-ne-povod-sbavlyat-oboroty.html	__vechufa.ru_education_print-page,1,853-i-eto-ne-povod-sbavlyat-oboroty.html
http://vechufa.ru/public/820-my-imeem-pravo-na-kachestvennuyu-zhizn.html	__vechufa.ru_public_820-my-imeem-pravo-na-kachestvennuyu-zhizn.html
http://vechufa.ru/city/775-pro-blagoustroystvo-goroda-i-modernizaciyu-dushi.html	__vechufa.ru_city_775-pro-blagoustroystvo-goroda-i-modernizaciyu-dushi.html
http://vechufa.ru/public/560-vkus-k-znaniyam-privychka-mirovaya.html	__vechufa.ru_public_560-vkus-k-znaniyam-privychka-mirovaya.html
http://vechufa.ru/public/546-vozrast-ponyatie-otnositelnoe-a-molodost-dushi-sobiratelnoe.html	__vechufa.ru_public_546-vozrast-ponyatie-otnositelnoe-a-molodost-dushi-sobiratelnoe.html
http://vechufa.ru/officially/136-socialnaya-podderzhka-veteranov-truda.html	__vechufa.ru_officially_136-socialnaya-podderzhka-veteranov-truda.html
http://vechufa.ru/policy/print:page,1,753-prezident-predstavil-novyh-ministrov.html	__vechufa.ru_policy_print-page,1,753-prezident-predstavil-novyh-ministrov.html
http://vechufa.ru/policy/748-modernizaciya-v-komplekse.html	__vechufa.ru_policy_748-modernizaciya-v-komplekse.html
http://vechufa.ru/policy/738-bez-premera-no-s-nadezhdami-na-luchshee.html	__vechufa.ru_policy_738-bez-premera-no-s-nadezhdami-na-luchshee.html
http://vechufa.ru/news/641-amina-shafikova-naznachena-ministrom-kultury.html	__vechufa.ru_news_641-amina-shafikova-naznachena-ministrom-kultury.html
http://vechufa.ru/policy/332-prognoz-umerennyy-no-optimistichnyy.html	__vechufa.ru_policy_332-prognoz-umerennyy-no-optimistichnyy.html
http://vechufa.ru/news/295-prezident-bashkortostana-podpisal-ryad-ukazov-v-sootvetstvii-s-kotorymi-vnosyatsya-izmeneniya-v-rabotu-pravitelstva-rb.html	__vechufa.ru_news_295-prezident-bashkortostana-podpisal-ryad-ukazov-v-sootvetstvii-s-kotorymi-vnosyatsya-izmeneniya-v-rabotu-pravitelstva-rb.html
http://vechufa.ru/public/37-centr-dolzhen-rabotat-kak-chasy.html	__vechufa.ru_public_37-centr-dolzhen-rabotat-kak-chasy.html
http://vechufa.ru/news/9-rustem-hamitov-vstretilsya-s-aleksandrom-lukashenko.html	__vechufa.ru_news_9-rustem-hamitov-vstretilsya-s-aleksandrom-lukashenko.html
http://vechufa.ru/its-tusovka/print:page,1,191-odnogo-zhelaniya-malo.html	__vechufa.ru_its-tusovka_print-page,1,191-odnogo-zhelaniya-malo.html
http://vechufa.ru/public/593-ne-kopit-a-pererabatyvat.html	__vechufa.ru_public_593-ne-kopit-a-pererabatyvat.html
http://vechufa.ru/its-tusovka/190-razoshlas-v-puh-i-perya.html	__vechufa.ru_its-tusovka_190-razoshlas-v-puh-i-perya.html
http://vechufa.ru/its-tusovka/189-unikalnoe-ili-proverennoe.html	__vechufa.ru_its-tusovka_189-unikalnoe-ili-proverennoe.html
http://vechufa.ru/news/print:page,1,2655-problemy-rabochey-molodezhi-obsudyat-na-forume.html	__vechufa.ru_news_print-page,1,2655-problemy-rabochey-molodezhi-obsudyat-na-forume.html
http://vechufa.ru/public/2386-bashkortostan-kak-territoriya-razvitiya.html	__vechufa.ru_public_2386-bashkortostan-kak-territoriya-razvitiya.html
http://vechufa.ru/news/2060-delegaty-k-forumu-gotovy.html	__vechufa.ru_news_2060-delegaty-k-forumu-gotovy.html
http://vechufa.ru/news/949-gryadet-bal-prezidentskiy.html	__vechufa.ru_news_949-gryadet-bal-prezidentskiy.html
http://vechufa.ru/news/282-u-svarschikov-svoya-olimpiada.html	__vechufa.ru_news_282-u-svarschikov-svoya-olimpiada.html
http://vechufa.ru/public/print:page,1,2299-pomogut-shkolnye-centry-karery.html	__vechufa.ru_public_print-page,1,2299-pomogut-shkolnye-centry-karery.html
http://vechufa.ru/economy/1879-utverzhdena-pyatiletnyaya-investicionnaya-strategiya.html	__vechufa.ru_economy_1879-utverzhdena-pyatiletnyaya-investicionnaya-strategiya.html
http://vechufa.ru/news/print:page,1,1914-vse-vmeste.html	__vechufa.ru_news_print-page,1,1914-vse-vmeste.html
http://vechufa.ru/mums-the-class/1684-pensiya-mnogodetnyh-podrastet.html	__vechufa.ru_mums-the-class_1684-pensiya-mnogodetnyh-podrastet.html
http://vechufa.ru/public/1626-pervomay-sobral-neravnodushnyh.html	__vechufa.ru_public_1626-pervomay-sobral-neravnodushnyh.html
http://vechufa.ru/public/625-poklonimsya-cheloveku-truda.html	__vechufa.ru_public_625-poklonimsya-cheloveku-truda.html
http://vechufa.ru/news/print:page,1,1698-chya-detal-luchshe.html	__vechufa.ru_news_print-page,1,1698-chya-detal-luchshe.html
http://vechufa.ru/culture/1062-radost-tvorcheskogo-gruza-naikulturneyshego-profsoyuza.html	__vechufa.ru_culture_1062-radost-tvorcheskogo-gruza-naikulturneyshego-profsoyuza.html
http://vechufa.ru/day/1037-28-dekabrya.html	__vechufa.ru_day_1037-28-dekabrya.html
http://vechufa.ru/news/817-zhivaya-kist-podarit-vdohnovene.html	__vechufa.ru_news_817-zhivaya-kist-podarit-vdohnovene.html
http://vechufa.ru/public/print:page,1,1055-yunye-hotyat-uchitsya.html	__vechufa.ru_public_print-page,1,1055-yunye-hotyat-uchitsya.html
http://vechufa.ru/policy/935-modernizaciya-sistemy-obrazovaniya-opredelyaet-buduschee-strany.html	__vechufa.ru_policy_935-modernizaciya-sistemy-obrazovaniya-opredelyaet-buduschee-strany.html
http://vechufa.ru/medicine/901-o-novshestvah-v-profilaktike-insulta.html	__vechufa.ru_medicine_901-o-novshestvah-v-profilaktike-insulta.html
http://vechufa.ru/city/895-ne-imey-million-rubley-a-imey-million-druzey.html	__vechufa.ru_city_895-ne-imey-million-rubley-a-imey-million-druzey.html
http://vechufa.ru/education/684-nagrada-i-zadel-dlya-buduschih-del.html	__vechufa.ru_education_684-nagrada-i-zadel-dlya-buduschih-del.html
http://vechufa.ru/news/23-federalnye-nagrady-vecherkincam.html	__vechufa.ru_news_23-federalnye-nagrady-vecherkincam.html
http://vechufa.ru/news/10-na-doli-procenta-no-vyshe.html	__vechufa.ru_news_10-na-doli-procenta-no-vyshe.html
http://vechufa.ru/public/print:page,1,3091-horoshiy-ukladchik-tovar-shtuchnyy.html	__vechufa.ru_public_print-page,1,3091-horoshiy-ukladchik-tovar-shtuchnyy.html
http://vechufa.ru/news/3058-god-proletel-no-sdelano-nemalo.html	__vechufa.ru_news_3058-god-proletel-no-sdelano-nemalo.html
http://vechufa.ru/news/2918-gts-bez-hozyayskogo-glaza-opasny.html	__vechufa.ru_news_2918-gts-bez-hozyayskogo-glaza-opasny.html
http://vechufa.ru/news/2527-rynok-truda-skvoz-prizmu-migracionnoy-politiki.html	__vechufa.ru_news_2527-rynok-truda-skvoz-prizmu-migracionnoy-politiki.html
http://vechufa.ru/news/2217-nachnem-davayte-s-musora.html	__vechufa.ru_news_2217-nachnem-davayte-s-musora.html
http://vechufa.ru/public/print:page,1,3055-zavtrak-s-direktorom-zakonchilsya-trudoustroystvom.html	__vechufa.ru_public_print-page,1,3055-zavtrak-s-direktorom-zakonchilsya-trudoustroystvom.html
http://vechufa.ru/public/2927-za-350-rubley-vybiray-lyubuyu-rabotu.html	__vechufa.ru_public_2927-za-350-rubley-vybiray-lyubuyu-rabotu.html
http://vechufa.ru/exclusive/2464-za-chto-my-lyubim-gulnaru.html	__vechufa.ru_exclusive_2464-za-chto-my-lyubim-gulnaru.html
http://vechufa.ru/public/2182-kak-my-spasali-ulitku-turbo.html	__vechufa.ru_public_2182-kak-my-spasali-ulitku-turbo.html
http://vechufa.ru/news/1435-glavnogo-trenera-nazovut-2-aprelya.html	__vechufa.ru_news_1435-glavnogo-trenera-nazovut-2-aprelya.html
http://vechufa.ru/sport/172-vratarskie-uroki-ili-bryzgalova.html	__vechufa.ru_sport_172-vratarskie-uroki-ili-bryzgalova.html
http://vechufa.ru/public/print:page,1,623-motora-rev-dlya-nih-kak-muzyka.html	__vechufa.ru_public_print-page,1,623-motora-rev-dlya-nih-kak-muzyka.html
http://vechufa.ru/public/642-plamya-gorelki-i-plazma-dugi.html	__vechufa.ru_public_642-plamya-gorelki-i-plazma-dugi.html
http://vechufa.ru/city/594-tochki-vzaimodeystviya-mezhdu-ufoy-i-mersinom.html	__vechufa.ru_city_594-tochki-vzaimodeystviya-mezhdu-ufoy-i-mersinom.html
http://vechufa.ru/news/460-luchshim-po-professii-premii-i-podarki.html	__vechufa.ru_news_460-luchshim-po-professii-premii-i-podarki.html
http://vechufa.ru/public/28-na-starte-tyazhelovesy.html	__vechufa.ru_public_28-na-starte-tyazhelovesy.html
http://vechufa.ru/city/print:page,1,563-forum-uralstroyindustriya-biznes-ploschadka-dlya-razvitiya-otrasli.html	__vechufa.ru_city_print-page,1,563-forum-uralstroyindustriya-biznes-ploschadka-dlya-razvitiya-otrasli.html
http://vechufa.ru/public/659-v-gorode-vozduh-stanet-chische.html	__vechufa.ru_public_659-v-gorode-vozduh-stanet-chische.html
http://vechufa.ru/public/619-novye-vozmozhnosti-mediciny.html	__vechufa.ru_public_619-novye-vozmozhnosti-mediciny.html
http://vechufa.ru/public/586-pokazat-turizm-licom.html	__vechufa.ru_public_586-pokazat-turizm-licom.html
http://vechufa.ru/retro-vu/526-skvoz-desyatiletiya.html	__vechufa.ru_retro-vu_526-skvoz-desyatiletiya.html
http://vechufa.ru/retro-vu/391-skvoz-desyatiletiya.html	__vechufa.ru_retro-vu_391-skvoz-desyatiletiya.html
http://vechufa.ru/news/print:page,1,537-golosuem-za-aktivnoe-dolgoletie.html	__vechufa.ru_news_print-page,1,537-golosuem-za-aktivnoe-dolgoletie.html
http://vechufa.ru/medicine/637-eticheskiy-kodeks-vracha.html	__vechufa.ru_medicine_637-eticheskiy-kodeks-vracha.html
http://vechufa.ru/news/354-nv-igry-priglasyat-goroda-pobratimy.html	__vechufa.ru_news_354-nv-igry-priglasyat-goroda-pobratimy.html
http://vechufa.ru/city/print:page,1,516-pro-letnie-pohody-i-rashody.html	__vechufa.ru_city_print-page,1,516-pro-letnie-pohody-i-rashody.html
http://vechufa.ru/city/548-informirovanie-gorozhan-neobhodimo-povyshat.html	__vechufa.ru_city_548-informirovanie-gorozhan-neobhodimo-povyshat.html
http://vechufa.ru/city/448-gramotnyy-gorod-vo-vseh-otraslyah.html	__vechufa.ru_city_448-gramotnyy-gorod-vo-vseh-otraslyah.html
http://vechufa.ru/education/419-ot-novyh-part-do-sistem-videonablyudeniya.html	__vechufa.ru_education_419-ot-novyh-part-do-sistem-videonablyudeniya.html
http://vechufa.ru/education/print:page,1,376-v-dobryy-put-ufimskie-moskovskie-studenty.html	__vechufa.ru_education_print-page,1,376-v-dobryy-put-ufimskie-moskovskie-studenty.html
http://vechufa.ru/city/539-stekolnyh-del-mastera.html	__vechufa.ru_city_539-stekolnyh-del-mastera.html
http://vechufa.ru/city/471-dlya-gorodskogo-hozyaystva.html	__vechufa.ru_city_471-dlya-gorodskogo-hozyaystva.html
http://vechufa.ru/city/455-pomnozhit-tureckiy-opyt-na-ufimskie-perspektivy.html	__vechufa.ru_city_455-pomnozhit-tureckiy-opyt-na-ufimskie-perspektivy.html
http://vechufa.ru/news/433-informatizaciya-eto-zdorovo.html	__vechufa.ru_news_433-informatizaciya-eto-zdorovo.html
http://vechufa.ru/its-tusovka/print:page,1,192-kupite-rozy.html	__vechufa.ru_its-tusovka_print-page,1,192-kupite-rozy.html
http://vechufa.ru/consumer-compass/487-cena-besplatnogo-servisa.html	__vechufa.ru_consumer-compass_487-cena-besplatnogo-servisa.html
http://vechufa.ru/print:page,1,4090-profsoyuzy-detyam.html	__vechufa.ru_print-page,1,4090-profsoyuzy-detyam.html
http://vechufa.ru/news/4123-nachnem-s-pyaterok.html	__vechufa.ru_news_4123-nachnem-s-pyaterok.html
http://vechufa.ru/economy/4115-maksimalnoe-zhelane-podderzhat.html	__vechufa.ru_economy_4115-maksimalnoe-zhelane-podderzhat.html
http://vechufa.ru/news/3110-molodezhnyy-profsoyuznyy-vnov-vyhodit-na-marshrut.html	__vechufa.ru_news_3110-molodezhnyy-profsoyuznyy-vnov-vyhodit-na-marshrut.html
http://vechufa.ru/news/3070-v-obektive-salyut-pobedy.html	__vechufa.ru_news_3070-v-obektive-salyut-pobedy.html
http://vechufa.ru/news/95-chtob-albomy-i-tetradki-byli-novymi-v-poryadke.html	__vechufa.ru_news_95-chtob-albomy-i-tetradki-byli-novymi-v-poryadke.html
http://vechufa.ru/sport/print:page,1,4085-hotite-stat-futbolistom.html	__vechufa.ru_sport_print-page,1,4085-hotite-stat-futbolistom.html
http://vechufa.ru/news/3705-obyavleny-vybory-prezidenta-respubliki.html	__vechufa.ru_news_3705-obyavleny-vybory-prezidenta-respubliki.html
http://vechufa.ru/news/2355-makarov-otlichilsya-na-starte-sezona.html	__vechufa.ru_news_2355-makarov-otlichilsya-na-starte-sezona.html
http://vechufa.ru/sport/2103-privedi-rebenka-v-sport.html	__vechufa.ru_sport_2103-privedi-rebenka-v-sport.html
http://vechufa.ru/the-reader-newspaper-reader/709-sama-galanova-igrala-marshi.html	__vechufa.ru_the-reader-newspaper-reader_709-sama-galanova-igrala-marshi.html
http://vechufa.ru/retro-vu/477-skvoz-desyatiletiya.html	__vechufa.ru_retro-vu_477-skvoz-desyatiletiya.html
http://vechufa.ru/news/405-sklony-ochistit-asfalt-vosstanovit.html	__vechufa.ru_news_405-sklony-ochistit-asfalt-vosstanovit.html
http://vechufa.ru/news/print:page,1,4077-zaton-priglashaet-na-veloparad.html	__vechufa.ru_news_print-page,1,4077-zaton-priglashaet-na-veloparad.html
http://vechufa.ru/news/2890-fakel-pronesut-dostoynye-lyudi.html	__vechufa.ru_news_2890-fakel-pronesut-dostoynye-lyudi.html
http://vechufa.ru/sport/2132-zaton-gotovitsya-k-paradu.html	__vechufa.ru_sport_2132-zaton-gotovitsya-k-paradu.html
http://vechufa.ru/news/1716-ege-na-nosu-ege.html	__vechufa.ru_news_1716-ege-na-nosu-ege.html
http://vechufa.ru/news/1220-v-chisle-detskih-zabot-ekologiya.html	__vechufa.ru_news_1220-v-chisle-detskih-zabot-ekologiya.html
http://vechufa.ru/news/1064-osvoeniem-zabelya-zaymutsya-vserez.html	__vechufa.ru_news_1064-osvoeniem-zabelya-zaymutsya-vserez.html
http://vechufa.ru/news/959-uvidyat-deti-krasotu-neskazannuyu.html	__vechufa.ru_news_959-uvidyat-deti-krasotu-neskazannuyu.html
http://vechufa.ru/news/print:page,1,3411-ulybnis-aliya-my-s-toboy.html	__vechufa.ru_news_print-page,1,3411-ulybnis-aliya-my-s-toboy.html
http://vechufa.ru/culture/1660-filarmoniya-zakryvaet-sezon.html	__vechufa.ru_culture_1660-filarmoniya-zakryvaet-sezon.html
http://vechufa.ru/culture/1599-golos-byanki-morales-podgoryachit-nashu-krov.html	__vechufa.ru_culture_1599-golos-byanki-morales-podgoryachit-nashu-krov.html
http://vechufa.ru/culture/1535-uletela-lastochka-v-dalnie-kraya.html	__vechufa.ru_culture_1535-uletela-lastochka-v-dalnie-kraya.html
http://vechufa.ru/culture/1010-god-zavershaetsya-pod-golos-fleyty.html	__vechufa.ru_culture_1010-god-zavershaetsya-pod-golos-fleyty.html
http://vechufa.ru/culture/958-a-pobedila-nasha-kamilla.html	__vechufa.ru_culture_958-a-pobedila-nasha-kamilla.html
http://vechufa.ru/culture/576-filarmoniya-otkryvaet-sezon-i-gotovit-syurprizy.html	__vechufa.ru_culture_576-filarmoniya-otkryvaet-sezon-i-gotovit-syurprizy.html
http://vechufa.ru/news/122-deti-okazalis-v-skazke.html	__vechufa.ru_news_122-deti-okazalis-v-skazke.html
http://vechufa.ru/city/print:page,1,2276-s-poley-na-stol-gorozhan.html	__vechufa.ru_city_print-page,1,2276-s-poley-na-stol-gorozhan.html
http://vechufa.ru/city/1881-edk-vam-v-pomosch-subsidii-v-podderzhku.html	__vechufa.ru_city_1881-edk-vam-v-pomosch-subsidii-v-podderzhku.html
http://vechufa.ru/public/105-sadovody-stupayte-pod-kryshu.html	__vechufa.ru_public_105-sadovody-stupayte-pod-kryshu.html
http://vechufa.ru/news/print:page,1,2223-mame-s-papoy-ot-damira.html	__vechufa.ru_news_print-page,1,2223-mame-s-papoy-ot-damira.html
http://vechufa.ru/news/1655-adresnye-programmy-v-deystvii.html	__vechufa.ru_news_1655-adresnye-programmy-v-deystvii.html
http://vechufa.ru/its-tusovka/1580-chtoby-ne-bylo-muchitelno-bolno.html	__vechufa.ru_its-tusovka_1580-chtoby-ne-bylo-muchitelno-bolno.html
http://vechufa.ru/news/975-avdon-prazdnik-v-dom.html	__vechufa.ru_news_975-avdon-prazdnik-v-dom.html
http://vechufa.ru/city/142-tochki-a-takzhe-massa-voprositelnyh-znakov.html	__vechufa.ru_city_142-tochki-a-takzhe-massa-voprositelnyh-znakov.html
http://vechufa.ru/news/print:page,1,2151-zaton-rulit-veloparadom.html	__vechufa.ru_news_print-page,1,2151-zaton-rulit-veloparadom.html
http://vechufa.ru/news/1727-da-budet-bal-vesenniy.html	__vechufa.ru_news_1727-da-budet-bal-vesenniy.html
http://vechufa.ru/news/961-paraolimpiyskomu-centru-byt.html	__vechufa.ru_news_961-paraolimpiyskomu-centru-byt.html
http://vechufa.ru/news/630-po-gorodu-promchatsya-dvesti-motociklov.html	__vechufa.ru_news_630-po-gorodu-promchatsya-dvesti-motociklov.html
http://vechufa.ru/culture/409-tancy-bez-ogranicheniy.html	__vechufa.ru_culture_409-tancy-bez-ogranicheniy.html
http://vechufa.ru/culture/402-miras-otpravilsya-v-saransk.html	__vechufa.ru_culture_402-miras-otpravilsya-v-saransk.html
http://vechufa.ru/news/print:page,1,3538-porabotayut-serezno-a-zatem-ih-zhdet-koncert.html	__vechufa.ru_news_print-page,1,3538-porabotayut-serezno-a-zatem-ih-zhdet-koncert.html
http://vechufa.ru/news/2640-dumaem-o-buduschem-seychas.html	__vechufa.ru_news_2640-dumaem-o-buduschem-seychas.html
http://vechufa.ru/news/2496-opyt-problemy-i-perspektivy.html	__vechufa.ru_news_2496-opyt-problemy-i-perspektivy.html
http://vechufa.ru/news/print:page,1,2985-uchimsya-zaschischat-prava-pacientov.html	__vechufa.ru_news_print-page,1,2985-uchimsya-zaschischat-prava-pacientov.html
http://vechufa.ru/news/2150-prava-potrebiteley-pod-kontrolem.html	__vechufa.ru_news_2150-prava-potrebiteley-pod-kontrolem.html
http://vechufa.ru/news/print:page,1,2555-socialnoe-partnerstvo-ukreplyaetsya.html	__vechufa.ru_news_print-page,1,2555-socialnoe-partnerstvo-ukreplyaetsya.html
http://vechufa.ru/officially/2497-chelovek-truda-kak-osnova-obschestva.html	__vechufa.ru_officially_2497-chelovek-truda-kak-osnova-obschestva.html
http://vechufa.ru/city/1159-estestvennyy-prirost-naseleniya-pryamoy-rezultat-kachestva-zhizni.html	__vechufa.ru_city_1159-estestvennyy-prirost-naseleniya-pryamoy-rezultat-kachestva-zhizni.html
http://vechufa.ru/news/661-s-dnem-respubliki.html	__vechufa.ru_news_661-s-dnem-respubliki.html
http://vechufa.ru/economy/251-atlas-investora-v-pomosch.html	__vechufa.ru_economy_251-atlas-investora-v-pomosch.html
http://vechufa.ru/news/print:page,1,2517-profsoyuzy-na-zaschite-cheloveka-truda.html	__vechufa.ru_news_print-page,1,2517-profsoyuzy-na-zaschite-cheloveka-truda.html
http://vechufa.ru/public/1165-esli-vstrechatsya-to-za-stolom-peregovorov-a-ne-na-barrikadah.html	__vechufa.ru_public_1165-esli-vstrechatsya-to-za-stolom-peregovorov-a-ne-na-barrikadah.html
http://vechufa.ru/public/print:page,1,1892-privedi-kollegu-v-profsoyuz-i-poluchi-bilet-v-kino.html	__vechufa.ru_public_print-page,1,1892-privedi-kollegu-v-profsoyuz-i-poluchi-bilet-v-kino.html
http://vechufa.ru/culture/1598-profsoyuz-eto-prekrasnyy-master-klass.html	__vechufa.ru_culture_1598-profsoyuz-eto-prekrasnyy-master-klass.html
http://vechufa.ru/policy/719-pro-molodoy-zador-i-ekzamen-na-grazhdanskuyu-zrelost.html	__vechufa.ru_policy_719-pro-molodoy-zador-i-ekzamen-na-grazhdanskuyu-zrelost.html
http://vechufa.ru/news/print:page,1,3205-rasskazhi-o-buduschey-professii.html	__vechufa.ru_news_print-page,1,3205-rasskazhi-o-buduschey-professii.html
http://vechufa.ru/news/2760-perspektivnye-proekty-poluchili-podderzhku.html	__vechufa.ru_news_2760-perspektivnye-proekty-poluchili-podderzhku.html
http://vechufa.ru/news/1691-hudozhniki-ulic-srazyatsya-v-masterstve.html	__vechufa.ru_news_1691-hudozhniki-ulic-srazyatsya-v-masterstve.html
http://vechufa.ru/news/print:page,1,3066-porabotaem-na-perspektivu.html	__vechufa.ru_news_print-page,1,3066-porabotaem-na-perspektivu.html
http://vechufa.ru/news/1996-novoe-pokolenie-v-pomosch-poiskovym-otryadam.html	__vechufa.ru_news_1996-novoe-pokolenie-v-pomosch-poiskovym-otryadam.html
http://vechufa.ru/city/887-zadacha-sammita-investirovanie-v-buduschee.html	__vechufa.ru_city_887-zadacha-sammita-investirovanie-v-buduschee.html
http://vechufa.ru/policy/print:page,1,2755-volonterskoe-dvizhenie-nabiraet-oboroty.html	__vechufa.ru_policy_print-page,1,2755-volonterskoe-dvizhenie-nabiraet-oboroty.html
http://vechufa.ru/city/2674-ne-tolko-sreda-no-i-obschestvo-dolzhno-byt-bez-barerov.html	__vechufa.ru_city_2674-ne-tolko-sreda-no-i-obschestvo-dolzhno-byt-bez-barerov.html
http://vechufa.ru/public/1638-georgievskaya-lentochka-obedinyaet-pokoleniya.html	__vechufa.ru_public_1638-georgievskaya-lentochka-obedinyaet-pokoleniya.html
http://vechufa.ru/public/1081-prava-nesovershennoletnih-zaschischeny.html	__vechufa.ru_public_1081-prava-nesovershennoletnih-zaschischeny.html
http://vechufa.ru/news/print:page,1,867-vo-dvore-nezakonnaya-avtoparkovka-zvonite.html	__vechufa.ru_news_print-page,1,867-vo-dvore-nezakonnaya-avtoparkovka-zvonite.html
http://vechufa.ru/public/806-esli-ya-ne-uspeyu-privatizirovat-kvartiru-chto-s-ney-budet.html	__vechufa.ru_public_806-esli-ya-ne-uspeyu-privatizirovat-kvartiru-chto-s-ney-budet.html
http://vechufa.ru/city/765-prodvizhenie-nedvizhimosti.html	__vechufa.ru_city_765-prodvizhenie-nedvizhimosti.html
http://vechufa.ru/its-tusovka/677-doroga-v-biznes.html	__vechufa.ru_its-tusovka_677-doroga-v-biznes.html
http://vechufa.ru/the-reader-newspaper-reader/344-gvozdyam-i-yamam-na-detskoy-ploschadke-ne-mesto.html	__vechufa.ru_the-reader-newspaper-reader_344-gvozdyam-i-yamam-na-detskoy-ploschadke-ne-mesto.html
http://vechufa.ru/officially/297-dvizhenie-transporta-ogranicheno.html	__vechufa.ru_officially_297-dvizhenie-transporta-ogranicheno.html
http://vechufa.ru/events/287-proschitalis-s-kvadraturoy-v-sto-raz.html	__vechufa.ru_events_287-proschitalis-s-kvadraturoy-v-sto-raz.html
http://vechufa.ru/the-reader-newspaper-reader/126-a-zabor-tak-i-lezhit.html	__vechufa.ru_the-reader-newspaper-reader_126-a-zabor-tak-i-lezhit.html
http://vechufa.ru/news/print:page,1,3682-autizm-vybor-marshruta.html	__vechufa.ru_news_print-page,1,3682-autizm-vybor-marshruta.html
http://vechufa.ru/news/3611-vostok-i-zapad-vstretyatsya-v-bashkortostane.html	__vechufa.ru_news_3611-vostok-i-zapad-vstretyatsya-v-bashkortostane.html
http://vechufa.ru/news/2891-autizm-ne-prigovor-a-problema-trebuyuschaya-obsuzhdeniya.html	__vechufa.ru_news_2891-autizm-ne-prigovor-a-problema-trebuyuschaya-obsuzhdeniya.html
http://vechufa.ru/officially/2298-v-avangarde-dolzhna-stoyat-nauka.html	__vechufa.ru_officially_2298-v-avangarde-dolzhna-stoyat-nauka.html
http://vechufa.ru/news/2288-v-ramkah-podgotovki-k-mezhdunarodnym-sammitam.html	__vechufa.ru_news_2288-v-ramkah-podgotovki-k-mezhdunarodnym-sammitam.html
http://vechufa.ru/news/2068-islam-i-gosudarstvo-v-rossii.html	__vechufa.ru_news_2068-islam-i-gosudarstvo-v-rossii.html
http://vechufa.ru/public/print:page,1,2216-starshee-pokolenie-dast-foru-molodym.html	__vechufa.ru_public_print-page,1,2216-starshee-pokolenie-dast-foru-molodym.html
http://vechufa.ru/medicine/1840-pro-polozhitelnye-tendencii-i-bolnye-mesta-gorodskoy-mediciny.html	__vechufa.ru_medicine_1840-pro-polozhitelnye-tendencii-i-bolnye-mesta-gorodskoy-mediciny.html
http://vechufa.ru/medicine/145-sovremennaya-sluzhba-stomatologii-nachinalas-s-pyati-vrachey.html	__vechufa.ru_medicine_145-sovremennaya-sluzhba-stomatologii-nachinalas-s-pyati-vrachey.html
http://vechufa.ru/sport/print:page,1,2185-gandbolisty-startuyut-odnovremenno.html	__vechufa.ru_sport_print-page,1,2185-gandbolisty-startuyut-odnovremenno.html
http://vechufa.ru/news/1774-ey-vratar-gotovsya-k-boyu.html	__vechufa.ru_news_1774-ey-vratar-gotovsya-k-boyu.html
http://vechufa.ru/sport/1600-eh-kolyvanova-v-atake-ne-hvataet.html	__vechufa.ru_sport_1600-eh-kolyvanova-v-atake-ne-hvataet.html
http://vechufa.ru/news/771-universalnaya-druzhba-to-chto-nuzhno.html	__vechufa.ru_news_771-universalnaya-druzhba-to-chto-nuzhno.html
http://vechufa.ru/news/631-sedutsya-batyry-so-vsego-mira.html	__vechufa.ru_news_631-sedutsya-batyry-so-vsego-mira.html
http://vechufa.ru/sport/238-kogda-startuyut-nashi.html	__vechufa.ru_sport_238-kogda-startuyut-nashi.html
http://vechufa.ru/sport/158-slovakov-zamenit-toros.html	__vechufa.ru_sport_158-slovakov-zamenit-toros.html
http://vechufa.ru/public/print:page,1,2049-mal-noutbuk-da-dorog.html	__vechufa.ru_public_print-page,1,2049-mal-noutbuk-da-dorog.html
http://vechufa.ru/sport/1849-silnye-duhom-prepyatstviy-ne-boyatsya.html	__vechufa.ru_sport_1849-silnye-duhom-prepyatstviy-ne-boyatsya.html
http://vechufa.ru/public/1803-negromkaya-u-nih-rabota-zato-otkrytaya-dusha.html	__vechufa.ru_public_1803-negromkaya-u-nih-rabota-zato-otkrytaya-dusha.html
http://vechufa.ru/culture/936-a-pochemu-by-ne-provesti-v-ufe-golos-evrazii.html	__vechufa.ru_culture_936-a-pochemu-by-ne-provesti-v-ufe-golos-evrazii.html
http://vechufa.ru/public/print:page,1,2030-so-skaypom-na-tyili-kak-ufimskie-pensionery-kompyuter-ukroschali.html	__vechufa.ru_public_print-page,1,2030-so-skaypom-na-tyili-kak-ufimskie-pensionery-kompyuter-ukroschali.html
http://vechufa.ru/news/1854-simpatichnye-lica-nashey-policii.html	__vechufa.ru_news_1854-simpatichnye-lica-nashey-policii.html
http://vechufa.ru/culture/1368-zhenstvennost-plyus-ostroumie-ravnyaetsya-hylyukay-2013.html	__vechufa.ru_culture_1368-zhenstvennost-plyus-ostroumie-ravnyaetsya-hylyukay-2013.html
http://vechufa.ru/public/1003-samye-tvorcheskie-zhivut-v-leninskom-rayone.html	__vechufa.ru_public_1003-samye-tvorcheskie-zhivut-v-leninskom-rayone.html
http://vechufa.ru/news/print:page,1,2016-u-lyubiteley-gulyat-v-seti-net-vozrasta.html	__vechufa.ru_news_print-page,1,2016-u-lyubiteley-gulyat-v-seti-net-vozrasta.html
http://vechufa.ru/public/274-mery-socialnoy-podderzhki-detey-invalidov.html	__vechufa.ru_public_274-mery-socialnoy-podderzhki-detey-invalidov.html
http://vechufa.ru/news/print:page,1,2671-na-priem-k-deputatu.html	__vechufa.ru_news_print-page,1,2671-na-priem-k-deputatu.html
http://vechufa.ru/news/2272-deputatskiy-mandat-prezident-peredal-oksane-savchenko.html	__vechufa.ru_news_2272-deputatskiy-mandat-prezident-peredal-oksane-savchenko.html
http://vechufa.ru/news/2203-kakoy-nalog-prichitaetsya.html	__vechufa.ru_news_2203-kakoy-nalog-prichitaetsya.html
http://vechufa.ru/news/2179-rassledovanie-pod-kontrolem.html	__vechufa.ru_news_2179-rassledovanie-pod-kontrolem.html
http://vechufa.ru/news/2146-kak-opredelit-invalidnost.html	__vechufa.ru_news_2146-kak-opredelit-invalidnost.html
http://vechufa.ru/economy/938-o-problemah-zhkh-v-ezhenedelnom-formate.html	__vechufa.ru_economy_938-o-problemah-zhkh-v-ezhenedelnom-formate.html
http://vechufa.ru/news/print:page,1,1006-yarmarki-sostoyatsya-no-ne-vezde.html	__vechufa.ru_news_print-page,1,1006-yarmarki-sostoyatsya-no-ne-vezde.html
http://vechufa.ru/sport/1001-zinetullu-bilyaletdinova-uvidim-na-ufa-arene.html	__vechufa.ru_sport_1001-zinetullu-bilyaletdinova-uvidim-na-ufa-arene.html
http://vechufa.ru/news/993-tri-komandy-uzhe-pribyli-na-chempionat-mira.html	__vechufa.ru_news_993-tri-komandy-uzhe-pribyli-na-chempionat-mira.html
http://vechufa.ru/city/915-k-vstreche-gostey-ufa-gotova.html	__vechufa.ru_city_915-k-vstreche-gostey-ufa-gotova.html
http://vechufa.ru/public/699-po-sledam-vystupleniy-vu.html	__vechufa.ru_public_699-po-sledam-vystupleniy-vu.html
http://vechufa.ru/city/print:page,1,996-s-morozca-k-prazdnichnomu-stolu.html	__vechufa.ru_city_print-page,1,996-s-morozca-k-prazdnichnomu-stolu.html
http://vechufa.ru/public/813-pust-vsegda-budet-mamma.html	__vechufa.ru_public_813-pust-vsegda-budet-mamma.html
http://vechufa.ru/day/810-13-noyabrya.html	__vechufa.ru_day_810-13-noyabrya.html
http://vechufa.ru/day/209-24-iyulya.html	__vechufa.ru_day_209-24-iyulya.html
http://vechufa.ru/news/11-rybaki-priglashayutsya-na-start.html	__vechufa.ru_news_11-rybaki-priglashayutsya-na-start.html
http://vechufa.ru/public/print:page,1,518-sezon-selhozyarmarok-startoval.html	__vechufa.ru_public_print-page,1,518-sezon-selhozyarmarok-startoval.html
http://vechufa.ru/news/48-podkachali-znaniya-ne-dostalsya-attestat.html	__vechufa.ru_news_48-podkachali-znaniya-ne-dostalsya-attestat.html
http://vechufa.ru/news/print:page,1,323-arbat-utonet-v-cvetah.html	__vechufa.ru_news_print-page,1,323-arbat-utonet-v-cvetah.html
http://vechufa.ru/city/489-daesh-rekordy.html	__vechufa.ru_city_489-daesh-rekordy.html
http://vechufa.ru/city/406-cvetochnyy-arbat-na-kraski-bogat.html	__vechufa.ru_city_406-cvetochnyy-arbat-na-kraski-bogat.html
http://vechufa.ru/city/359-zaglyanut-na-cvetochnyy-arbat-kazhdyy-rad.html	__vechufa.ru_city_359-zaglyanut-na-cvetochnyy-arbat-kazhdyy-rad.html
http://vechufa.ru/handwork/196-povtoris-arbat.html	__vechufa.ru_handwork_196-povtoris-arbat.html
http://vechufa.ru/policy/print:page,1,2425-gorodskimi-lesami-dolzhen-rasporyazhatsya-municipalitet.html	__vechufa.ru_policy_print-page,1,2425-gorodskimi-lesami-dolzhen-rasporyazhatsya-municipalitet.html
http://vechufa.ru/news/2343-vybrali-edinoglasno.html	__vechufa.ru_news_2343-vybrali-edinoglasno.html
http://vechufa.ru/city/2172-kompensaciya-platy-za-zhku-peresmotrena-v-polzu-sobstvennikov-zhilya.html	__vechufa.ru_city_2172-kompensaciya-platy-za-zhku-peresmotrena-v-polzu-sobstvennikov-zhilya.html
http://vechufa.ru/public/1981-chast-platezhey-za-kommunalku-kompensiruyut-iz-byudzheta.html	__vechufa.ru_public_1981-chast-platezhey-za-kommunalku-kompensiruyut-iz-byudzheta.html
http://vechufa.ru/city/1563-trebovaniya-k-arendatoram-zemli-budut-uzhestochatsya.html	__vechufa.ru_city_1563-trebovaniya-k-arendatoram-zemli-budut-uzhestochatsya.html
http://vechufa.ru/economy/937-privatizaciyu-nezhilogo-fonda-luchshe-ne-otkladyvat.html	__vechufa.ru_economy_937-privatizaciyu-nezhilogo-fonda-luchshe-ne-otkladyvat.html
http://vechufa.ru/city/863-raboty-po-podgotovke-stolicy-k-mezhdunarodnym-sammitam-ne-prekraschayutsya.html	__vechufa.ru_city_863-raboty-po-podgotovke-stolicy-k-mezhdunarodnym-sammitam-ne-prekraschayutsya.html
http://vechufa.ru/city/333-obediniv-usiliya-dobemsya-bolshego.html	__vechufa.ru_city_333-obediniv-usiliya-dobemsya-bolshego.html
http://vechufa.ru/public/print:page,1,644-studiya-robototehniki-i-biznes-inkubatory-dlya-molodyh.html	__vechufa.ru_public_print-page,1,644-studiya-robototehniki-i-biznes-inkubatory-dlya-molodyh.html
http://vechufa.ru/economy/501-kommunalka-horoshaya-nisha-dlya-sotrudnichestva.html	__vechufa.ru_economy_501-kommunalka-horoshaya-nisha-dlya-sotrudnichestva.html
http://vechufa.ru/day/483-budut-investicii-i-kredity.html	__vechufa.ru_day_483-budut-investicii-i-kredity.html
http://vechufa.ru/news/361-les-ruk-rabochih.html	__vechufa.ru_news_361-les-ruk-rabochih.html
http://vechufa.ru/policy/225-moschnye-perspektivy-kitayskih-ceremoniy.html	__vechufa.ru_policy_225-moschnye-perspektivy-kitayskih-ceremoniy.html
http://vechufa.ru/news/155-ot-mashinostroeniya-do-produktov-halyal.html	__vechufa.ru_news_155-ot-mashinostroeniya-do-produktov-halyal.html
http://vechufa.ru/officially/81-zapas-est.html	__vechufa.ru_officially_81-zapas-est.html
http://vechufa.ru/news/print:page,1,493-est-ideya-otkroy-delo.html	__vechufa.ru_news_print-page,1,493-est-ideya-otkroy-delo.html
http://vechufa.ru/economy/print:page,1,284-biznes-dolzhen-stat-socialno-otvetstvennym.html	__vechufa.ru_economy_print-page,1,284-biznes-dolzhen-stat-socialno-otvetstvennym.html
http://vechufa.ru/city/350-problemy-i-perspektivy-razvitiya-zastroennyh-territoriy.html	__vechufa.ru_city_350-problemy-i-perspektivy-razvitiya-zastroennyh-territoriy.html
http://vechufa.ru/officially/print:page,1,213-barery-otstupayut-esli-s-nimi-borotsya.html	__vechufa.ru_officially_print-page,1,213-barery-otstupayut-esli-s-nimi-borotsya.html
http://vechufa.ru/news/599-chinovnikov-budut-proveryat-na-profprigodnost.html	__vechufa.ru_news_599-chinovnikov-budut-proveryat-na-profprigodnost.html
http://vechufa.ru/day/print:page,1,137-12-iyulya.html	__vechufa.ru_day_print-page,1,137-12-iyulya.html
http://vechufa.ru/day/583-25-sentyabrya.html	__vechufa.ru_day_583-25-sentyabrya.html
http://vechufa.ru/day/536-15-17-sentyabrya.html	__vechufa.ru_day_536-15-17-sentyabrya.html
http://vechufa.ru/day/451-4-sentyabrya.html	__vechufa.ru_day_451-4-sentyabrya.html
http://vechufa.ru/day/439-1-3-sentyabrya.html	__vechufa.ru_day_439-1-3-sentyabrya.html
http://vechufa.ru/day/404-25-27-avgusta.html	__vechufa.ru_day_404-25-27-avgusta.html
http://vechufa.ru/day/367-22-avgusta.html	__vechufa.ru_day_367-22-avgusta.html
http://vechufa.ru/day/198-20-iyulya.html	__vechufa.ru_day_198-20-iyulya.html
http://vechufa.ru/city/print:page,1,1074-do-shkoly-s-veterkom.html	__vechufa.ru_city_print-page,1,1074-do-shkoly-s-veterkom.html
http://vechufa.ru/public/963-shkoly-bez-zaputannyh-koridorov-i-lishnih-energozatrat.html	__vechufa.ru_public_963-shkoly-bez-zaputannyh-koridorov-i-lishnih-energozatrat.html
http://vechufa.ru/news/185-stolica-privetstvuet-geroev-degu.html	__vechufa.ru_news_185-stolica-privetstvuet-geroev-degu.html
http://vechufa.ru/city/print:page,1,985-belye-golubi-simvol-mira.html	__vechufa.ru_city_print-page,1,985-belye-golubi-simvol-mira.html
http://vechufa.ru/city/990-sozdaem-chudo-svoimi-rukami.html	__vechufa.ru_city_990-sozdaem-chudo-svoimi-rukami.html
http://vechufa.ru/city/805-ot-strastey-bolelschikov-ne-rastaet-led.html	__vechufa.ru_city_805-ot-strastey-bolelschikov-ne-rastaet-led.html
http://vechufa.ru/sport/418-i-dazhe-feyerverk-dlya-zvezd-hokkeya.html	__vechufa.ru_sport_418-i-dazhe-feyerverk-dlya-zvezd-hokkeya.html
http://vechufa.ru/city/411-vodnyy-salyut-v-chest-sportivnyh-rekordov.html	__vechufa.ru_city_411-vodnyy-salyut-v-chest-sportivnyh-rekordov.html
http://vechufa.ru/city/print:page,1,615-produkcii-bolshe-ceny-nizhe.html	__vechufa.ru_city_print-page,1,615-produkcii-bolshe-ceny-nizhe.html
http://vechufa.ru/city/624-novoy-livnevke-dozhd-ne-strashen.html	__vechufa.ru_city_624-novoy-livnevke-dozhd-ne-strashen.html
http://vechufa.ru/public/555-perspektivy-u-otrasli-est.html	__vechufa.ru_public_555-perspektivy-u-otrasli-est.html
http://vechufa.ru/city/424-prodavcov-na-yarmarku-bez-dokumentov-ne-pustyat.html	__vechufa.ru_city_424-prodavcov-na-yarmarku-bez-dokumentov-ne-pustyat.html
http://vechufa.ru/city/print:page,1,540-vse-svezhee-i-ceny-ne-kusayutsya.html	__vechufa.ru_city_print-page,1,540-vse-svezhee-i-ceny-ne-kusayutsya.html
http://vechufa.ru/retro-vu/348-tri-schastlivyh-dnya-bylo-u-menya.html	__vechufa.ru_retro-vu_348-tri-schastlivyh-dnya-bylo-u-menya.html
http://vechufa.ru/economy/print:page,1,1731-sootvetstvovat-zaprosam-segodnyashnego-dnya.html	__vechufa.ru_economy_print-page,1,1731-sootvetstvovat-zaprosam-segodnyashnego-dnya.html
http://vechufa.ru/economy/1719-ot-syrevoy-modeli-k-innovacionnoy.html	__vechufa.ru_economy_1719-ot-syrevoy-modeli-k-innovacionnoy.html
http://vechufa.ru/policy/1610-ekobiznesu-nuzhna-podderzhka.html	__vechufa.ru_policy_1610-ekobiznesu-nuzhna-podderzhka.html
http://vechufa.ru/economy/1261-promyshlennost-kak-osnova-razvitiya-megapolisa.html	__vechufa.ru_economy_1261-promyshlennost-kak-osnova-razvitiya-megapolisa.html
http://vechufa.ru/city/1148-ot-slozhneyshey-apparatury-do-eksklyuzivnogo-kostyuma.html	__vechufa.ru_city_1148-ot-slozhneyshey-apparatury-do-eksklyuzivnogo-kostyuma.html
http://vechufa.ru/economy/695-energoeffektivnost-nyne-v-trende.html	__vechufa.ru_economy_695-energoeffektivnost-nyne-v-trende.html
http://vechufa.ru/news/print:page,1,1718-ochutitsya-v-tretem-izmerenii-zamanchivo.html	__vechufa.ru_news_print-page,1,1718-ochutitsya-v-tretem-izmerenii-zamanchivo.html
http://vechufa.ru/public/1041-beregi-svoe-zavtra.html	__vechufa.ru_public_1041-beregi-svoe-zavtra.html
http://vechufa.ru/policy/print:page,1,702-bolshaya-himiya-trebuet-bolshey-aktivnosti.html	__vechufa.ru_policy_print-page,1,702-bolshaya-himiya-trebuet-bolshey-aktivnosti.html
http://vechufa.ru/news/689-davayte-rabotat-vmeste.html	__vechufa.ru_news_689-davayte-rabotat-vmeste.html
http://vechufa.ru/news/530-obsudili-voprosy-pravovogo-vzaimodeystviya.html	__vechufa.ru_news_530-obsudili-voprosy-pravovogo-vzaimodeystviya.html
http://vechufa.ru/day/514-fermerov-podderzhit-programma-subsidirovaniya.html	__vechufa.ru_day_514-fermerov-podderzhit-programma-subsidirovaniya.html
http://vechufa.ru/officially/print:page,1,29-plodotvornoe-sotrudnichestvo.html	__vechufa.ru_officially_print-page,1,29-plodotvornoe-sotrudnichestvo.html
http://vechufa.ru/news/468-rastut-investicionnye-potoki.html	__vechufa.ru_news_468-rastut-investicionnye-potoki.html
http://vechufa.ru/officially/35-rekonstrukciya-est-pokazatel-dinamichnogo-razvitiya.html	__vechufa.ru_officially_35-rekonstrukciya-est-pokazatel-dinamichnogo-razvitiya.html
http://vechufa.ru/education/print:page,1,1720-bgpu-otkryvaet-dorogu-k-diplomu-mezhdunarodnogo-standarta.html	__vechufa.ru_education_print-page,1,1720-bgpu-otkryvaet-dorogu-k-diplomu-mezhdunarodnogo-standarta.html
http://vechufa.ru/news/1699-slavyane-k-konkursam-gotovy.html	__vechufa.ru_news_1699-slavyane-k-konkursam-gotovy.html
http://vechufa.ru/news/1661-vybor-u-abiturientov-stal-bogache.html	__vechufa.ru_news_1661-vybor-u-abiturientov-stal-bogache.html
http://vechufa.ru/public/1490-ufe-neobhodim-nacionalnyy-issledovatelskiy-universitet.html	__vechufa.ru_public_1490-ufe-neobhodim-nacionalnyy-issledovatelskiy-universitet.html
http://vechufa.ru/city/1193-impuls-dlya-resheniya-nazrevshih-problem.html	__vechufa.ru_city_1193-impuls-dlya-resheniya-nazrevshih-problem.html
http://vechufa.ru/officially/881-vse-ostanetsya-lyudyam.html	__vechufa.ru_officially_881-vse-ostanetsya-lyudyam.html
http://vechufa.ru/education/469-tyurkskaya-kultura-stanet-dostupnee.html	__vechufa.ru_education_469-tyurkskaya-kultura-stanet-dostupnee.html
http://vechufa.ru/policy/print:page,1,1597-rezultat-zavisit-ot-otdachi-kazhdogo-iz-nas.html	__vechufa.ru_policy_print-page,1,1597-rezultat-zavisit-ot-otdachi-kazhdogo-iz-nas.html
http://vechufa.ru/policy/1430-v-perspektive-nestandartnye-podhody-i-resheniya.html	__vechufa.ru_policy_1430-v-perspektive-nestandartnye-podhody-i-resheniya.html
http://vechufa.ru/education/1315-uspeh-v-professii-nachinaetsya-s-pravilnogo-vuza.html	__vechufa.ru_education_1315-uspeh-v-professii-nachinaetsya-s-pravilnogo-vuza.html
http://vechufa.ru/policy/1299-kak-snizit-cenu-za-kvadrat.html	__vechufa.ru_policy_1299-kak-snizit-cenu-za-kvadrat.html
http://vechufa.ru/policy/968-my-naceleny-na-polozhitelnye-izmeneniya.html	__vechufa.ru_policy_968-my-naceleny-na-polozhitelnye-izmeneniya.html
http://vechufa.ru/policy/893-glavnoe-uluchshat-kachestvo-zhizni-lyudey.html	__vechufa.ru_policy_893-glavnoe-uluchshat-kachestvo-zhizni-lyudey.html
http://vechufa.ru/public/print:page,1,1036-doska-pocheta-vecherney-ufy.html	__vechufa.ru_public_print-page,1,1036-doska-pocheta-vecherney-ufy.html
http://vechufa.ru/public/927-ufimcy-otstoyali-svoi-prava-na-55-milliona-rubley.html	__vechufa.ru_public_927-ufimcy-otstoyali-svoi-prava-na-55-milliona-rubley.html
http://vechufa.ru/city/299-v-den-fizkulturnika-proydut-korporativnye-igry.html	__vechufa.ru_city_299-v-den-fizkulturnika-proydut-korporativnye-igry.html
http://vechufa.ru/day/288-4-6-avgusta.html	__vechufa.ru_day_288-4-6-avgusta.html
http://vechufa.ru/officially/119-s-avtomobiley-snimayut-solnechnye-ochki.html	__vechufa.ru_officially_119-s-avtomobiley-snimayut-solnechnye-ochki.html
http://vechufa.ru/news/6-oleg-zakirovich-vernulsya-domoy.html	__vechufa.ru_news_6-oleg-zakirovich-vernulsya-domoy.html
http://vechufa.ru/public/print:page,1,608-prezident-poobeschal-rastormoshit-chinovniche-boloto.html	__vechufa.ru_public_print-page,1,608-prezident-poobeschal-rastormoshit-chinovniche-boloto.html
http://vechufa.ru/public/604-trebuetsya-modernizaciya-otrasli.html	__vechufa.ru_public_604-trebuetsya-modernizaciya-otrasli.html
http://vechufa.ru/city/print:page,1,1439-esli-pozvonivshiy-molchit-v-trubku.html	__vechufa.ru_city_print-page,1,1439-esli-pozvonivshiy-molchit-v-trubku.html
http://vechufa.ru/public/1280-vse-grani-otdyha-i-ozdorovleniya-detey.html	__vechufa.ru_public_1280-vse-grani-otdyha-i-ozdorovleniya-detey.html
http://vechufa.ru/news/print:page,1,1257-takuyu-vstrechu-propustit-nelzya.html	__vechufa.ru_news_print-page,1,1257-takuyu-vstrechu-propustit-nelzya.html
http://vechufa.ru/news/153-iskusstvo-chteniya-korana.html	__vechufa.ru_news_153-iskusstvo-chteniya-korana.html
http://vechufa.ru/news/print:page,1,967-narisuy-emblemu-i-pridumay-slogan.html	__vechufa.ru_news_print-page,1,967-narisuy-emblemu-i-pridumay-slogan.html
http://vechufa.ru/news/152-pust-rodniki-zhivut.html	__vechufa.ru_news_152-pust-rodniki-zhivut.html
http://vechufa.ru/news/132-olimpiada-proydet-vpole.html	__vechufa.ru_news_132-olimpiada-proydet-vpole.html
http://vechufa.ru/news/print:page,1,571-molodomu-predprinimatelyu-gramotnyy-start.html	__vechufa.ru_news_print-page,1,571-molodomu-predprinimatelyu-gramotnyy-start.html
http://vechufa.ru/education/363-eksperiment-v-rezhime-poisk.html	__vechufa.ru_education_363-eksperiment-v-rezhime-poisk.html
http://vechufa.ru/public/print:page,1,820-my-imeem-pravo-na-kachestvennuyu-zhizn.html	__vechufa.ru_public_print-page,1,820-my-imeem-pravo-na-kachestvennuyu-zhizn.html
http://vechufa.ru/city/551-v-bashkortostane-est-vse-vozmozhnosti-dlya-navedeniya-poryadka-v-sfere-zhkh.html	__vechufa.ru_city_551-v-bashkortostane-est-vse-vozmozhnosti-dlya-navedeniya-poryadka-v-sfere-zhkh.html
http://vechufa.ru/consumer-compass/488-prodavcy-dolzhny-tovar-proverit.html	__vechufa.ru_consumer-compass_488-prodavcy-dolzhny-tovar-proverit.html
http://vechufa.ru/consumer-compass/74-chtoby-ne-popast-v-finansovyy-pereplet.html	__vechufa.ru_consumer-compass_74-chtoby-ne-popast-v-finansovyy-pereplet.html
http://vechufa.ru/consumer-compass/73-magaziny-zakryvayut-pod-shumok.html	__vechufa.ru_consumer-compass_73-magaziny-zakryvayut-pod-shumok.html
http://vechufa.ru/consumer-compass/72-braslet-slomalsya-kto-vinovat.html	__vechufa.ru_consumer-compass_72-braslet-slomalsya-kto-vinovat.html
http://vechufa.ru/consumer-compass/71-pro-kurinye-klony-i-otsutstvie-opoznavatelnyh-znakov.html	__vechufa.ru_consumer-compass_71-pro-kurinye-klony-i-otsutstvie-opoznavatelnyh-znakov.html
http://vechufa.ru/public/40-socialnaya-podderzhka-veteranov-voyny-i-truzhenikov-tyla.html	__vechufa.ru_public_40-socialnaya-podderzhka-veteranov-voyny-i-truzhenikov-tyla.html
http://vechufa.ru/city/print:page,1,775-pro-blagoustroystvo-goroda-i-modernizaciyu-dushi.html	__vechufa.ru_city_print-page,1,775-pro-blagoustroystvo-goroda-i-modernizaciyu-dushi.html
http://vechufa.ru/city/364-vo-glave-ugla-bezopasnost-lyudey.html	__vechufa.ru_city_364-vo-glave-ugla-bezopasnost-lyudey.html
http://vechufa.ru/city/242-akkuratnye-kirpichiki-finansovoy-steny.html	__vechufa.ru_city_242-akkuratnye-kirpichiki-finansovoy-steny.html
http://vechufa.ru/public/print:page,1,560-vkus-k-znaniyam-privychka-mirovaya.html	__vechufa.ru_public_print-page,1,560-vkus-k-znaniyam-privychka-mirovaya.html
http://vechufa.ru/sport/457-krug-pocheta-na-russkoy-troyke.html	__vechufa.ru_sport_457-krug-pocheta-na-russkoy-troyke.html
http://vechufa.ru/the-reader-newspaper-reader/385-v-shkolu-s-udovolstviem.html	__vechufa.ru_the-reader-newspaper-reader_385-v-shkolu-s-udovolstviem.html
http://vechufa.ru/public/159-pomoch-drug-drugu-v-trudnuyu-minutu.html	__vechufa.ru_public_159-pomoch-drug-drugu-v-trudnuyu-minutu.html
http://vechufa.ru/public/print:page,1,546-vozrast-ponyatie-otnositelnoe-a-molodost-dushi-sobiratelnoe.html	__vechufa.ru_public_print-page,1,546-vozrast-ponyatie-otnositelnoe-a-molodost-dushi-sobiratelnoe.html
http://vechufa.ru/officially/print:page,1,136-socialnaya-podderzhka-veteranov-truda.html	__vechufa.ru_officially_print-page,1,136-socialnaya-podderzhka-veteranov-truda.html
http://vechufa.ru/public/431-socialnaya-podderzhka-veteranov-boevyh-deystviy.html	__vechufa.ru_public_431-socialnaya-podderzhka-veteranov-boevyh-deystviy.html
http://vechufa.ru/mums-the-class/178-dekret-kasayuschiysya-silnoy-poloviny.html	__vechufa.ru_mums-the-class_178-dekret-kasayuschiysya-silnoy-poloviny.html
http://vechufa.ru/public/166-o-lgotah-po-zemelnomu-i-transportnomu-nalogam.html	__vechufa.ru_public_166-o-lgotah-po-zemelnomu-i-transportnomu-nalogam.html
http://vechufa.ru/policy/print:page,1,748-modernizaciya-v-komplekse.html	__vechufa.ru_policy_print-page,1,748-modernizaciya-v-komplekse.html
http://vechufa.ru/public/412-pro-uzkie-mesta-i-shirokie-perspektivy.html	__vechufa.ru_public_412-pro-uzkie-mesta-i-shirokie-perspektivy.html
http://vechufa.ru/policy/print:page,1,738-bez-premera-no-s-nadezhdami-na-luchshee.html	__vechufa.ru_policy_print-page,1,738-bez-premera-no-s-nadezhdami-na-luchshee.html
http://vechufa.ru/public/696-turizm-na-urovne-evropy.html	__vechufa.ru_public_696-turizm-na-urovne-evropy.html
http://vechufa.ru/day/640-5-oktyabrya.html	__vechufa.ru_day_640-5-oktyabrya.html
http://vechufa.ru/economy/398-na-uroven-mirovyh-standartov.html	__vechufa.ru_economy_398-na-uroven-mirovyh-standartov.html
http://vechufa.ru/news/print:page,1,641-amina-shafikova-naznachena-ministrom-kultury.html	__vechufa.ru_news_print-page,1,641-amina-shafikova-naznachena-ministrom-kultury.html
http://vechufa.ru/day/628-4-oktyabrya.html	__vechufa.ru_day_628-4-oktyabrya.html
http://vechufa.ru/day/611-29-sentyabrya-1-oktyabrya.html	__vechufa.ru_day_611-29-sentyabrya-1-oktyabrya.html
http://vechufa.ru/day/597-27-sentyabrya.html	__vechufa.ru_day_597-27-sentyabrya.html
http://vechufa.ru/day/492-8-10-sentyabrya.html	__vechufa.ru_day_492-8-10-sentyabrya.html
http://vechufa.ru/day/301-9-avgusta.html	__vechufa.ru_day_301-9-avgusta.html
http://vechufa.ru/day/241-28-30-iyulya.html	__vechufa.ru_day_241-28-30-iyulya.html
http://vechufa.ru/day/161-17-iyulya.html	__vechufa.ru_day_161-17-iyulya.html
http://vechufa.ru/policy/print:page,1,332-prognoz-umerennyy-no-optimistichnyy.html	__vechufa.ru_policy_print-page,1,332-prognoz-umerennyy-no-optimistichnyy.html
http://vechufa.ru/policy/296-pravitelstvo-dolzhno-byt-splochennym-i-dinamichnym.html	__vechufa.ru_policy_296-pravitelstvo-dolzhno-byt-splochennym-i-dinamichnym.html
http://vechufa.ru/news/print:page,1,295-prezident-bashkortostana-podpisal-ryad-ukazov-v-sootvetstvii-s-kotorymi-vnosyatsya-izmeneniya-v-rabotu-pravitelstva-rb.html	__vechufa.ru_news_print-page,1,295-prezident-bashkortostana-podpisal-ryad-ukazov-v-sootvetstvii-s-kotorymi-vnosyatsya-izmeneniya-v-rabotu-pravitelstva-rb.html
http://vechufa.ru/city/607-slishkom-nizkaya-cena-za-kvadrat-dolzhna-nastorozhit.html	__vechufa.ru_city_607-slishkom-nizkaya-cena-za-kvadrat-dolzhna-nastorozhit.html
http://vechufa.ru/news/445-beregite-passazhirov.html	__vechufa.ru_news_445-beregite-passazhirov.html
http://vechufa.ru/public/print:page,1,37-centr-dolzhen-rabotat-kak-chasy.html	__vechufa.ru_public_print-page,1,37-centr-dolzhen-rabotat-kak-chasy.html
http://vechufa.ru/officially/243-respublika-pomozhet-ostatsya-na-plavu.html	__vechufa.ru_officially_243-respublika-pomozhet-ostatsya-na-plavu.html
http://vechufa.ru/public/117-socialnaya-stolovaya-dolzhna-rabotat-v-kazhdom-rayone.html	__vechufa.ru_public_117-socialnaya-stolovaya-dolzhna-rabotat-v-kazhdom-rayone.html
http://vechufa.ru/news/print:page,1,9-rustem-hamitov-vstretilsya-s-aleksandrom-lukashenko.html	__vechufa.ru_news_print-page,1,9-rustem-hamitov-vstretilsya-s-aleksandrom-lukashenko.html
http://vechufa.ru/news/629-tuymazy-otmechayut-stoletie.html	__vechufa.ru_news_629-tuymazy-otmechayut-stoletie.html
http://vechufa.ru/public/200-vybiray-svoe-pokupay-rodnoe.html	__vechufa.ru_public_200-vybiray-svoe-pokupay-rodnoe.html
http://vechufa.ru/public/print:page,1,593-ne-kopit-a-pererabatyvat.html	__vechufa.ru_public_print-page,1,593-ne-kopit-a-pererabatyvat.html
http://vechufa.ru/its-tusovka/print:page,1,190-razoshlas-v-puh-i-perya.html	__vechufa.ru_its-tusovka_print-page,1,190-razoshlas-v-puh-i-perya.html
http://vechufa.ru/retro-vu/528-ischem-kopoushku.html	__vechufa.ru_retro-vu_528-ischem-kopoushku.html
http://vechufa.ru/its-tusovka/print:page,1,189-unikalnoe-ili-proverennoe.html	__vechufa.ru_its-tusovka_print-page,1,189-unikalnoe-ili-proverennoe.html
http://vechufa.ru/public/125-pochta-rossii-chtit-tradicii-i-sledit-za-innovaciyami.html	__vechufa.ru_public_125-pochta-rossii-chtit-tradicii-i-sledit-za-innovaciyami.html
http://vechufa.ru/medicine/107-chtoby-sohranit-zdorove-nado-polyubit-sebya.html	__vechufa.ru_medicine_107-chtoby-sohranit-zdorove-nado-polyubit-sebya.html
http://vechufa.ru/public/print:page,1,2386-bashkortostan-kak-territoriya-razvitiya.html	__vechufa.ru_public_print-page,1,2386-bashkortostan-kak-territoriya-razvitiya.html
http://vechufa.ru/news/2247-alleya-zvezd-v-ufe-pochemu-by-net.html	__vechufa.ru_news_2247-alleya-zvezd-v-ufe-pochemu-by-net.html
http://vechufa.ru/news/2166-eho-seligera-doneslos-do-ufy.html	__vechufa.ru_news_2166-eho-seligera-doneslos-do-ufy.html
http://vechufa.ru/news/1672-sto-dokladov-o-zdorove.html	__vechufa.ru_news_1672-sto-dokladov-o-zdorove.html
http://vechufa.ru/news/print:page,1,2060-delegaty-k-forumu-gotovy.html	__vechufa.ru_news_print-page,1,2060-delegaty-k-forumu-gotovy.html
http://vechufa.ru/officially/1896-dvigaemsya-po-dorogam-peremen.html	__vechufa.ru_officially_1896-dvigaemsya-po-dorogam-peremen.html
http://vechufa.ru/city/914-legion-druzey-pomnozhim-na-million-idey.html	__vechufa.ru_city_914-legion-druzey-pomnozhim-na-million-idey.html
http://vechufa.ru/news/print:page,1,949-gryadet-bal-prezidentskiy.html	__vechufa.ru_news_print-page,1,949-gryadet-bal-prezidentskiy.html
http://vechufa.ru/news/946-mdi-prezentovali-v-gosudarstvennoy-dume.html	__vechufa.ru_news_946-mdi-prezentovali-v-gosudarstvennoy-dume.html
http://vechufa.ru/news/110-v-den-kogda-rodilsya-geroy.html	__vechufa.ru_news_110-v-den-kogda-rodilsya-geroy.html
http://vechufa.ru/news/print:page,1,282-u-svarschikov-svoya-olimpiada.html	__vechufa.ru_news_print-page,1,282-u-svarschikov-svoya-olimpiada.html
http://vechufa.ru/economy/print:page,1,1879-utverzhdena-pyatiletnyaya-investicionnaya-strategiya.html	__vechufa.ru_economy_print-page,1,1879-utverzhdena-pyatiletnyaya-investicionnaya-strategiya.html
http://vechufa.ru/economy/1805-investicionnyy-klimat-prognoz-na-poteplenie.html	__vechufa.ru_economy_1805-investicionnyy-klimat-prognoz-na-poteplenie.html
http://vechufa.ru/news/13-est-idei-po-povodu-zooparka.html	__vechufa.ru_news_13-est-idei-po-povodu-zooparka.html
http://vechufa.ru/mums-the-class/print:page,1,1684-pensiya-mnogodetnyh-podrastet.html	__vechufa.ru_mums-the-class_print-page,1,1684-pensiya-mnogodetnyh-podrastet.html
http://vechufa.ru/news/987-materinskoe-pole.html	__vechufa.ru_news_987-materinskoe-pole.html
http://vechufa.ru/the-reader-newspaper-reader/929-posobiya-po-materinstvu-uvelichatsya.html	__vechufa.ru_the-reader-newspaper-reader_929-posobiya-po-materinstvu-uvelichatsya.html
http://vechufa.ru/public/print:page,1,1626-pervomay-sobral-neravnodushnyh.html	__vechufa.ru_public_print-page,1,1626-pervomay-sobral-neravnodushnyh.html
http://vechufa.ru/sport/1407-i-kazhdyy-rekord-pobednyy-akkord.html	__vechufa.ru_sport_1407-i-kazhdyy-rekord-pobednyy-akkord.html
http://vechufa.ru/public/print:page,1,625-poklonimsya-cheloveku-truda.html	__vechufa.ru_public_print-page,1,625-poklonimsya-cheloveku-truda.html
http://vechufa.ru/public/650-professionalov-v-stolice-nemalo.html	__vechufa.ru_public_650-professionalov-v-stolice-nemalo.html
http://vechufa.ru/education/643-na-balu-lyubimye-uchitelya.html	__vechufa.ru_education_643-na-balu-lyubimye-uchitelya.html
http://vechufa.ru/public/614-est-takaya-dolzhnost-mamu-zamenyat.html	__vechufa.ru_public_614-est-takaya-dolzhnost-mamu-zamenyat.html
http://vechufa.ru/day/459-5-sentyabrya.html	__vechufa.ru_day_459-5-sentyabrya.html
http://vechufa.ru/culture/420-pravo-pervoy-kinonochi-bylo-otdano-rodine.html	__vechufa.ru_culture_420-pravo-pervoy-kinonochi-bylo-otdano-rodine.html
http://vechufa.ru/culture/print:page,1,1062-radost-tvorcheskogo-gruza-naikulturneyshego-profsoyuza.html	__vechufa.ru_culture_print-page,1,1062-radost-tvorcheskogo-gruza-naikulturneyshego-profsoyuza.html
http://vechufa.ru/public/1030-ne-hoteli-otpuskat-deda-moroza.html	__vechufa.ru_public_1030-ne-hoteli-otpuskat-deda-moroza.html
http://vechufa.ru/public/969-ded-moroz-prishel-v-seredine-dekabrya.html	__vechufa.ru_public_969-ded-moroz-prishel-v-seredine-dekabrya.html
http://vechufa.ru/culture/809-intriga-sohranyalas-do-poslednego-spektaklya.html	__vechufa.ru_culture_809-intriga-sohranyalas-do-poslednego-spektaklya.html
http://vechufa.ru/culture/781-s-miru-po-nitochke-my-soberem-teatrov-kukol-moschneyshee-bratstvo.html	__vechufa.ru_culture_781-s-miru-po-nitochke-my-soberem-teatrov-kukol-moschneyshee-bratstvo.html
http://vechufa.ru/sport/99-za-prilavkom-konkurenty-na-stadione-soperniki.html	__vechufa.ru_sport_99-za-prilavkom-konkurenty-na-stadione-soperniki.html
http://vechufa.ru/day/print:page,1,1037-28-dekabrya.html	__vechufa.ru_day_print-page,1,1037-28-dekabrya.html
http://vechufa.ru/day/1012-25-dekabrya.html	__vechufa.ru_day_1012-25-dekabrya.html
http://vechufa.ru/day/879-24-26-noyabrya.html	__vechufa.ru_day_879-24-26-noyabrya.html
http://vechufa.ru/day/792-7-noyabrya.html	__vechufa.ru_day_792-7-noyabrya.html
http://vechufa.ru/day/763-1-noyabrya.html	__vechufa.ru_day_763-1-noyabrya.html
http://vechufa.ru/news/print:page,1,817-zhivaya-kist-podarit-vdohnovene.html	__vechufa.ru_news_print-page,1,817-zhivaya-kist-podarit-vdohnovene.html
http://vechufa.ru/news/32-polet-dlinoyu-v-zhizn.html	__vechufa.ru_news_32-polet-dlinoyu-v-zhizn.html
http://vechufa.ru/policy/print:page,1,935-modernizaciya-sistemy-obrazovaniya-opredelyaet-buduschee-strany.html	__vechufa.ru_policy_print-page,1,935-modernizaciya-sistemy-obrazovaniya-opredelyaet-buduschee-strany.html
http://vechufa.ru/policy/899-model-umnogo-obschestva-kak-zalog-komfortnoy-sredy-obitaniya.html	__vechufa.ru_policy_899-model-umnogo-obschestva-kak-zalog-komfortnoy-sredy-obitaniya.html
http://vechufa.ru/public/794-zerno-stanet-konkurentom-nefti.html	__vechufa.ru_public_794-zerno-stanet-konkurentom-nefti.html
http://vechufa.ru/medicine/print:page,1,901-o-novshestvah-v-profilaktike-insulta.html	__vechufa.ru_medicine_print-page,1,901-o-novshestvah-v-profilaktike-insulta.html
http://vechufa.ru/medicine/588-genetiki-vstupayut-v-spor-s-prirodoy-ili-rabota-nad-oshibkami.html	__vechufa.ru_medicine_588-genetiki-vstupayut-v-spor-s-prirodoy-ili-rabota-nad-oshibkami.html
http://vechufa.ru/medicine/279-gipertoniya-neizvestnoe-ob-izvestnom.html	__vechufa.ru_medicine_279-gipertoniya-neizvestnoe-ob-izvestnom.html
http://vechufa.ru/medicine/88-kak-uberechsya-ot-raka.html	__vechufa.ru_medicine_88-kak-uberechsya-ot-raka.html
http://vechufa.ru/city/print:page,1,895-ne-imey-million-rubley-a-imey-million-druzey.html	__vechufa.ru_city_print-page,1,895-ne-imey-million-rubley-a-imey-million-druzey.html
http://vechufa.ru/city/728-po-kachestvu-zhizni-vtorye-v-strane.html	__vechufa.ru_city_728-po-kachestvu-zhizni-vtorye-v-strane.html
http://vechufa.ru/sport/458-v-bloknot-bolelschiku.html	__vechufa.ru_sport_458-v-bloknot-bolelschiku.html
http://vechufa.ru/education/print:page,1,684-nagrada-i-zadel-dlya-buduschih-del.html	__vechufa.ru_education_print-page,1,684-nagrada-i-zadel-dlya-buduschih-del.html
http://vechufa.ru/news/506-vsemu-vinoy-pashtet.html	__vechufa.ru_news_506-vsemu-vinoy-pashtet.html
http://vechufa.ru/news/print:page,1,23-federalnye-nagrady-vecherkincam.html	__vechufa.ru_news_print-page,1,23-federalnye-nagrady-vecherkincam.html
http://vechufa.ru/retro-vu/525-allo-tarif-besplatnyy.html	__vechufa.ru_retro-vu_525-allo-tarif-besplatnyy.html
http://vechufa.ru/day/266-2-avgusta.html	__vechufa.ru_day_266-2-avgusta.html
http://vechufa.ru/news/121-zolotostudencheskoy-universiady.html	__vechufa.ru_news_121-zolotostudencheskoy-universiady.html
http://vechufa.ru/news/print:page,1,10-na-doli-procenta-no-vyshe.html	__vechufa.ru_news_print-page,1,10-na-doli-procenta-no-vyshe.html
